out-347,True
out-353,True
out-145,True
out-151,True
out-179,True
out-186,True
out-192,True
out-031,False
out-025,True
out-019,True
out-233,True
out-227,True
out-226,True
out-232,False
out-018,True
out-024,True
out-030,True
out-193,False
out-187,True
out-178,True
out-150,False
out-144,True
out-352,True
out-346,True
out-350,True
out-344,True
out-152,True
out-146,True
out-191,True
out-185,True
out-026,True
out-032,True
out-224,True
out-230,True
out-218,True
out-219,True
out-231,True
out-225,True
out-033,True
out-027,True
out-184,True
out-190,True
out-147,True
out-153,True
out-345,False
out-351,True
out-355,True
out-341,True
out-157,False
out-143,True
out-194,True
out-180,True
out-023,True
out-037,True
out-209,True
out-221,True
out-235,True
out-234,True
out-220,True
out-208,True
out-036,True
out-022,True
out-181,True
out-195,True
out-142,False
out-156,True
out-340,True
out-354,True
out-342,True
out-356,True
out-168,True
out-140,True
out-154,True
out-183,True
out-197,True
out-008,True
out-034,False
out-020,True
out-236,True
out-222,True
out-223,True
out-237,True
out-021,True
out-035,True
out-009,True
out-196,False
out-182,True
out-155,True
out-141,True
out-169,True
out-357,True
out-343,True
out-324,True
out-330,False
out-318,True
out-126,True
out-132,True
out-052,False
out-046,True
out-091,True
out-085,False
out-250,False
out-244,True
out-278,True
out-293,True
out-287,True
out-286,True
out-292,True
out-279,True
out-245,True
out-251,True
out-084,True
out-090,True
out-047,True
out-053,True
out-133,True
out-127,True
out-319,True
out-331,True
out-325,True
out-333,True
out-327,False
out-131,True
out-125,True
out-119,True
out-045,True
out-051,True
out-079,True
out-086,True
out-092,True
out-247,True
out-253,True
out-284,True
out-290,True
out-291,False
out-285,True
out-252,True
out-246,True
out-093,True
out-087,True
out-078,True
out-050,True
out-044,True
out-118,True
out-124,False
out-130,True
out-326,True
out-332,True
out-336,True
out-322,True
out-108,True
out-134,True
out-120,True
out-068,True
out-040,True
out-054,True
out-083,True
out-097,True
out-242,True
out-256,True
out-281,True
out-295,True
out-294,False
out-280,True
out-257,True
out-243,True
out-096,True
out-082,True
out-055,True
out-041,True
out-069,True
out-121,False
out-135,True
out-109,True
out-323,True
out-337,True
out-309,False
out-321,True
out-335,True
out-123,True
out-137,True
out-057,True
out-043,True
out-094,True
out-080,True
out-269,True
out-255,True
out-241,True
out-296,True
out-282,True
out-283,True
out-297,True
out-240,True
out-254,True
out-268,False
out-081,True
out-095,True
out-042,True
out-056,True
out-136,True
out-122,True
out-334,True
out-320,True
out-308,True
out-305,True
out-311,True
out-339,True
out-107,True
out-113,True
out-073,True
out-067,False
out-098,True
out-271,True
out-265,False
out-259,True
out-258,True
out-264,True
out-270,True
out-099,True
out-066,True
out-072,True
out-112,True
out-106,False
out-338,True
out-310,True
out-304,True
out-312,False
out-306,True
out-110,True
out-104,True
out-138,True
out-064,True
out-070,False
out-058,True
out-266,True
out-272,True
out-299,True
out-298,True
out-273,False
out-267,True
out-059,True
out-071,True
out-065,True
out-139,False
out-105,True
out-111,True
out-307,True
out-313,True
out-317,True
out-303,True
out-129,True
out-115,True
out-101,True
out-049,False
out-061,True
out-075,True
out-263,True
out-277,True
out-288,True
out-289,True
out-276,False
out-262,True
out-074,True
out-060,True
out-048,True
out-100,True
out-114,True
out-128,True
out-302,True
out-316,True
out-328,True
out-300,True
out-314,True
out-102,True
out-116,True
out-076,True
out-062,True
out-089,True
out-248,True
out-274,True
out-260,True
out-261,True
out-275,True
out-249,True
out-088,False
out-063,True
out-077,True
out-117,True
out-103,False
out-315,True
out-301,True
out-329,True
out-164,True
out-170,True
out-158,True
out-010,True
out-004,True
out-038,True
out-212,True
out-206,True
out-207,True
out-213,True
out-039,True
out-005,True
out-011,True
out-159,True
out-171,True
out-165,True
out-359,True
out-173,True
out-167,True
out-198,True
out-007,True
out-013,False
out-205,True
out-211,False
out-239,True
out-238,True
out-210,True
out-204,True
out-012,True
out-006,True
out-199,True
out-166,True
out-172,True
out-358,True
out-348,False
out-360,True
out-176,True
out-162,True
out-189,True
out-002,True
out-016,False
out-228,True
out-200,True
out-214,False
out-215,True
out-201,True
out-229,True
out-017,True
out-003,True
out-188,True
out-163,True
out-177,True
out-349,True
out-149,True
out-161,True
out-175,False
out-029,True
out-015,True
out-001,True
out-217,True
out-203,True
out-202,True
out-216,True
out-014,True
out-028,True
out-174,True
out-160,False
out-148,True
